Port_IDs,ROI,realizedProfit,Sharpe_Ratio,MDD,Win_Rate,Win_Positions,Total_Positions,Score
4020204877254599680,-0.002476163950246098,71998.85595307,0.03358281850475068,-21338.051187779998,0.3294214876033058,1993,6050,16533.715225255277
3788465932399412480,0.004362709810745346,13960.96645667,0.07270089971555488,-1772.2194397900003,0.44607363962202673,1369,3069,2969.5756916698488
3987739404272887297,0.003615937911509422,12464.6063154,0.02261474841206615,-3386.65609398,0.22826446280991736,1381,6050,2831.7153066553374
3939318616482048768,0.007040117865869536,9775.38910984,0.16361728470406367,-87.00335997999991,0.3746031746031746,118,315,1963.950453775761
4017263283405469185,-0.0002484908094061736,7141.3664193899995,-0.004577022586959208,-4788.43392336,0.336198347107438,2034,6050,1907.2493060969505
3944088772635000577,0.009497675272427935,7581.4919834,0.13147949680382756,-97.20372503000002,0.4575292759360053,2774,6063,1526.1936673125365
3886752488982104320,0.02093582318290663,7195.17832464,0.12161540202424277,-38.20809999999983,0.745396317053643,931,1249,1443.0616183870654
3910983669796782848,0.006332899202569841,6761.64804825,0.17429529298433033,-201.7234222300001,0.428125,274,640,1372.6815233013576
3953764659057081857,0.000800301550090851,6048.86608919,-0.0018949685206646953,-957.02322102,0.30874785591766724,180,583,1305.6062758223527
4011626972687000576,0.003212666864105302,5483.14982082,0.05989444793133384,-1133.2432568999998,0.38408190224570676,2326,6056,1210.1056407338701
3953433416230728705,2.5358720476401663e-05,4924.76177998,0.08716292685217056,-675.6869998999998,0.20872865275142316,110,527,1052.6593690442617
3879821005658659073,0.001104901628194519,4268.00656095,0.053775942250970536,-1914.9818661300005,0.33142201834862384,289,872,1045.2437276637736
3878631538480067329,0.0063881183809975945,3921.23304116,0.00044782790124942565,-1039.84219244,0.5033795802205621,1415,2811,888.3831714351167
3932103299427844097,0.003648338891154853,3860.30970535,0.002650990497875598,-669.45683594,0.3005021243723445,778,2589,839.1392995762043
3937714876784951296,0.006027179019527433,1117.5308932100002,0.037639305771696135,-3858.82450985,0.3933463796477495,201,511,609.537300279825
3935808725185052672,0.0012193127454371002,2301.96412286,0.07685304443339423,-1394.9714398600001,0.3510204081632653,602,1715,600.0408070015267
3891020560590657281,0.02042827081843975,2856.30056379,0.24380153351852066,0.0,0.6475972540045767,283,437,571.4797612713497
3930688517098515713,0.0027045699124887794,1947.24457347,0.08842047624686328,-1193.90742651,0.4861111111111111,140,288,509.0067639223342
3910887259807777281,0.006310192378871363,1803.3020100100002,-0.06435392863578888,-663.32189998,0.22666666666666666,17,75,427.1042809386533
4021243448368889856,0.0011724554698696592,1498.1937579,0.09584964275889567,-490.49299994,0.3785123966942149,2290,6050,348.8454244788621
3865845304835489536,0.006801507035269585,1406.06618669,0.0703091239990717,-149.03458058,0.5113378684807256,451,882,296.28393145975843
3956048468100538880,0.029917391969470544,1373.56489,0.44248422246398766,0.0,0.7142857142857143,20,28,274.9818786335122
3952087967771302912,0.0038591651490384035,1032.60525986,0.151562717313391,0.0,0.3372093023255814,58,172,206.68624319523997
3826087012661391104,0.2739837232146718,532.65697373,0.307412758564198,-12.92598013,0.5833333333333334,63,108,108.12600376101058
3949329502284748801,0.004616628178338391,425.96505788999997,0.05217494093617683,-44.74980001,0.1875,72,384,89.79856155564073
3786761687746711808,0.008457327655685118,205.02139999,0.15473256069434854,-123.46026665000002,0.45121951219512196,37,82,53.528912324655096
3946087913459823360,0.003505392619961141,-40.66724167,-0.0099837620354169,-453.5128596,0.3171733771569433,1930,6085,37.348609829094606
3858510226868015873,0.0007307686880337623,-280.97295039,-0.020072252358314172,-827.30973014,0.24397590361445784,243,996,26.656985306496196
4040382575336130560,0.0,0.0,0.0,0.0,0.0,0,76,0.1
3672754654734989568,0.010512042513966074,566.59765978,,-80.77703672,0.4430379746835443,210,474,
3733192481840423936,0.008762180867343693,2923.97719988,,-2743.12,0.8026124818577649,553,689,
3768170840939476993,0.13584387825666677,243.66889897,,0.0,0.42857142857142855,6,14,
3784403294629753856,0.0025120094035569612,2521.81430468,,-271.29198097000005,0.3023140495867769,1829,6050,
3818233536529843712,0.0057905711448356925,6419.60790714,,-2036.5375697500003,0.3391977480647431,482,1421,
3819545518395756033,0.004053772640778394,980.06319996,,0.0,0.38235294117647056,26,68,
3880920727367689984,0.00047801234525765416,-176.82699999000005,,-609.3906666500001,0.33793103448275863,49,145,
3887577207880438784,0.0017787625155719076,2417.51403674,,-577.6136464799999,0.4781818181818182,2893,6050,
3907081197088384000,0.015874461673681804,18015.99737026,,-2060.7071223800012,0.6139714769156394,2540,4137,
3911997667197443328,0.009947283033378511,605.72231024,,-257.06796966,0.46875,30,64,
3914654298562589441,0.015289047110106207,343.47044904999996,,-3893.06891877,0.4140786749482402,200,483,
3919174299855478272,0.0025081562717129266,1456.37180762,,-9684.34458371,0.48066298342541436,609,1267,
3919965573764932864,0.0,0.0,,,0.0,0,1,
3923766029921022977,0.001354396722273755,772.72903189,,-205.5326576,0.2851469420174742,359,1259,
3925368433214965504,0.0051084838823289925,6789.43673863,,-162.05753632000005,0.3333333333333333,486,1458,
3926423286576838657,0.0015637562984010115,1309.45995959,,-1119.0932,0.3410041841004184,163,478,
3931992636670880512,0.007493992116941966,10374.96528998,,-1651.1316999599994,0.40165289256198344,2430,6050,
3936410995029308417,0.02054691756345602,10681.514000000001,,0.0,0.3,6,20,
3939925275039085824,0.006376517292017172,2378.8786707,,-78.62181989999999,0.3623481781376518,2148,5928,
3941019213896463617,0.00818790707042575,4234.08779003,,-4944.99999998,0.49107142857142855,55,112,
3942630767220672256,0.006196567883726539,6611.89848042,,-6083.72668798,0.3829744415375327,1903,4969,
3943533600390906881,0.013449904719002032,2361.42457205,,-32.30352141,0.5480386583285958,964,1759,
3944239644144231424,-0.008489421085104193,-1187.89097568,,-5867.43454154,0.26456876456876455,227,858,
3944658614777849089,0.032921025103985195,2074.44997996,,0.0,0.4444444444444444,20,45,
3949214983441029120,0.006538665598589237,1317.57755896,,-131.15652971999998,0.369757174392936,1675,4530,
3951723256343550465,0.0020533313769410012,5260.02286389,,-1073.14492838,0.3524804177545692,1215,3447,
3956076827719377409,0.008846596897979992,16790.01223802,,-635.0500145300011,0.5155771195097038,2019,3916,
3957509601040585217,0.002818163620700025,3174.18036672,,-3268.4400000000005,0.2695417789757412,300,1113,
3960874214179953664,0.002596726696951828,19567.47128569,,-2233.999999989999,0.5156838143036386,1233,2391,
3962024093501274881,0.0005138328760866886,9314.494060179999,,-1828.49470213,0.26472898664571876,337,1273,
3966142151544441601,0.007223811422057607,4883.80077594,,-1661.4546297300003,0.5320910973084886,1028,1932,
3975304792994095360,0.0037102758706983106,2536.0810463,,-91.88800600000002,0.4265791632485644,1040,2438,
3975392755164484097,0.001412561518859849,2330.27031414,,-451.22514720000004,0.2799343903772553,512,1829,
3976088733682659585,0.0044858349759229815,5901.15009982,,-1074.721004,0.43567874911158494,1226,2814,
3977078013600312321,0.0016653419607595833,4622.3514376,,-753.4702992500002,0.32642487046632124,1638,5018,
3977116548751698176,0.0023282045466437285,603.9805007599999,,-906.93011814,0.28078817733990147,456,1624,
3977234346014419201,0.03444804952072749,2427.29283086,,0.0,0.39759036144578314,33,83,
3978449781300392193,0.0021111437082778728,5888.656008800001,,-1201.6152300000003,0.4387755102040816,344,784,
3981810242465907713,0.00372731245281159,2836.47282999,,-345.51956995,0.11428571428571428,12,105,
3983074113875692800,0.019278545403528902,2424.8295199599997,,0.0,0.32558139534883723,14,43,
3986814617275053313,0.014365072464237936,16337.46188064,,-2.38194747,0.7822172200337648,2780,3554,
3988071780777702657,0.001405618299072317,3424.4699222000004,,-135.64724225,0.3731656184486373,890,2385,
3988187872032603905,0.004451863979811743,2599.76167062,,-1194.03312924,0.3266513936617029,1711,5238,
3988205565930333696,0.007495006498662122,3283.93800993,,-2247.36956996,0.38005390835579517,141,371,
3991414786174551297,0.02320118078210534,1787.98771569,,-372.96990000000005,0.2990353697749196,93,311,
3993014919980212480,0.0054807207625496325,3078.66301039,,-60.84000000000003,0.4762589928057554,331,695,
3993222640082269952,0.004287707558119967,1884.46844302,,-314.1775242200001,0.4645286686103013,1434,3087,
3994879592543698688,0.0010861968551642701,3658.7650624000003,,-175.48129108000012,0.552833078101072,361,653,
3995532094997544704,-0.0013320843784862008,-12346.6822186,,-14186.53546331,0.21401421252685507,1295,6051,
3996598927198996481,0.0066537431254962845,3509.04461888,,-160.68430590000025,0.368282600526118,980,2661,
3998572645139652353,0.0039953207227758965,9603.58535988,,-214.71515507000004,0.35714285714285715,95,266,
3998659472131949824,0.0023762518228909973,1449.32593976,,-2.842170943040401e-14,0.4897959183673469,72,147,
3999240873283311617,0.0073096745054317645,42574.47367879,,-300.8138484899973,0.5232198142414861,2366,4522,
3999845462424248576,0.00932917454259529,5843.15260681,,-325.76922958000023,0.4349005424954792,1443,3318,
4000222729738650369,0.014519673322588023,1803.62013328,,-151.89929740000002,0.5605427974947808,537,958,
4000877324693233921,1.7556107879923157e-05,-836.1005588599998,,-14683.615502149998,0.44859504132231404,2714,6050,
4002413037164645377,0.008378386850187004,3686.9697606,,-38.33630992999997,0.1857638888888889,107,576,
4004410127575640832,0.005636137381186969,2905.76386668,,-486.26961987000004,0.34516765285996054,175,507,
4004713168329653760,0.0049145775039160285,1667.19861,,0.0,0.07407407407407407,2,27,
4006366295148391425,0.007136085162626154,3018.5418057,,-688.0558008900002,0.17180616740088106,117,681,
4008537296438699777,0.008953911706848644,2330.8456453100002,,-550.8991161999998,0.4654205607476635,249,535,
4008711265867865600,0.003310861616028138,11298.70638977,,-509.54999999999995,0.4213197969543147,166,394,
4008804082027254529,0.0015713362450290775,3332.73345887,,-4879.948659969999,0.5405128205128205,527,975,
4012994295026226176,0.01734832416680778,2500.33664614,,-216.82089986000005,0.4003189792663477,251,627,
4013955990069013504,0.012609338909686782,1690.02704985,,-347.8586470500002,0.659217877094972,236,358,
4013978721149559808,0.008833394199389348,3778.87822398,,0.0,0.20748299319727892,61,294,
4014818740371615232,0.0013646273832792887,2013.64751009,,-94.40199994,0.20982986767485823,111,529,
4016164457907769600,0.0014752551269414148,3742.6873197200002,,-647.83756662,0.4353932584269663,310,712,
4017110277719148289,0.005908790288851552,2899.93302141,,0.0,0.5674603174603174,143,252,
4017323550554338817,0.013126852867872714,3134.7351025,,0.0,0.5009174311926605,273,545,
4019895412775450368,0.008588740814958487,2640.30025492,,0.0,0.4238178633975482,242,571,
4021669203289716224,0.0006354295774979298,26427.33159178,,-2537.8666286100015,0.31391200951248516,528,1682,
4022565861939831809,0.0033457133157999757,14197.57707589,,-385.07555369000147,0.5276595744680851,372,705,
4022641794255717633,0.018807557538389343,2176.83382376,,-115.99559388,0.43522802379378717,2634,6052,
4023616625178799873,0.006929393257083946,2087.77119301,,-3.088799999999992,0.40991535671100365,339,827,
4023697433751327232,0.006275746773609271,2408.22399998,,0.0,0.09523809523809523,4,42,
4023697881318718465,0.005825303259242518,3151.95061998,,0.0,0.08571428571428572,6,70,
4026179081117855488,0.0011527727011967474,6796.18836,,-1824.6434998900004,0.233502538071066,46,197,
4027747397961573889,0.0016236773665793767,2638.21944996,,-483.9062899800001,0.45,207,460,
4028427053699127040,0.0023939545146345097,2633.02381341,,-6.623939780000001,0.2975206611570248,36,121,
4028701921959171840,0.00449583195282342,17601.40139824,,-585.6775999299998,0.5429403202328966,373,687,
4029299190618134272,0.004367020610715767,3354.14587637,,-0.537880370000039,0.3130434782608696,72,230,
4029422834086627072,0.015072335238820747,2799.90254984,,0.0,0.37254901960784315,38,102,
4029506971304830209,0.003612768711352722,2413.6540000200002,,-1.2715041199999177,0.057692307692307696,3,52,
4029507714735307777,0.0025950548029880604,1537.89995998,,0.0,0.03773584905660377,2,53,
4029749871687083265,0.023726807587546733,3662.13654822,,0.0,0.4287383177570093,367,856,
4030392204221219329,0.007595184323263286,1347.75800996,,0.0,0.09411764705882353,8,85,
4030395639953224449,0.0017802374074764908,4413.76154738,,-57.6099997299998,0.17479674796747968,86,492,
4030555430101054209,0.004407928042217778,3358.38032001,,0.0,0.2644628099173554,32,121,
4030565764341697025,0.008566356132150272,2789.87828996,,-4.030795650000073,0.4857142857142857,51,105,
4030626027667524352,0.003847838302595741,3796.34803991,,-670.806,0.4978540772532189,116,233,
4030635536196756737,0.0011178647431547408,2581.61417484,,-47.18678624999984,0.5247295208655333,679,1294,
4030708912786799105,0.0022045840630669842,1612.84376999,,0.0,0.03333333333333333,2,60,
4031173908980084736,0.004265557952975263,5360.42572991,,-80.89999999999998,0.37777777777777777,85,225,
4031181049693676544,0.0020859611630125396,4545.2423384,,-22.344964959999743,0.24172185430463577,73,302,
4031408429897920512,0.0038963370975979897,1351.26659997,,0.0,0.04878048780487805,4,82,
4031414524297538817,0.006924289866043446,2726.79561774,,-17.582599900000332,0.36885245901639346,90,244,
4031451549482615297,0.007029791246516934,3124.54121527,,-3.9002427300001727,0.38596491228070173,44,114,
4031493134338259457,0.0003512632969365953,9082.69828786,,-3682.1097991999995,0.36156696664902066,683,1889,
4031673021422897664,0.004844968086524528,1984.71719999,,-64.52999999999997,0.314410480349345,72,229,
4032403303704824321,0.014091598039456074,2060.5705195200003,,-1104.51520996,0.5515695067264574,123,223,
4033614723417828608,0.001168297139112869,4602.23981649,,-647.29447774,0.22286821705426357,115,516,
4033639786957934336,0.002312671498250975,2848.14185731,,0.0,0.16778523489932887,25,149,
4034359562055356161,-0.0009212542020719673,5284.65441593,,-1659.35395015,0.48936170212765956,391,799,
4034786679304751616,0.02461558131065969,2521.07586938,,0.0,0.38317757009345793,123,321,
4035034554469394176,0.00963577515408889,2517.32079973,,-632.4248999399999,0.1670886075949367,66,395,
4035430878731345664,0.021006787821720867,2493.75041995,,0.0,0.48314606741573035,43,89,
4036548677626662656,0.005863652324032862,3296.87667987,,0.0,0.46258503401360546,68,147,
4037073643537925121,0.013818458103535483,1540.40049962,,0.0,0.1860986547085202,83,446,
4037121179310444801,0.0010858891556263103,7237.92173826,,-1198.33178,0.48401253918495296,772,1595,
4037179073830813185,0.004109104168876472,2331.43490998,,0.0,0.4246575342465753,31,73,
4037282461943784704,0.0025528413511846436,4760.3656195,,-1680.7088622099996,0.2698412698412698,136,504,
4037511388357114368,0.009835053313748591,3552.34051692,,-635.4510124099997,0.4333683105981112,413,953,
4037717032428033792,0.020626413323918593,1897.3229995,,0.0,0.3217665615141956,102,317,
4037785885739608577,0.013840993886141148,1934.57923526,,0.0,0.23228346456692914,59,254,
4038768306117031680,0.0021884667610554682,1741.91425988,,0.0,0.22,22,100,
4039129759104249600,0.02850302644305213,1264.28919972,,0.0,0.44360902255639095,59,133,
4039279455324236544,0.016081478613852562,1038.80741926,,0.0,0.5535168195718655,181,327,
4040843843196854529,0.005965742983921543,2151.70406,,0.0,0.3220338983050847,19,59,
4041804592937345281,-0.003344266727271288,-776.34299969,,-1026.6208593800002,0.23097826086956522,85,368,
4041860229502600193,0.010818209118606927,2327.33599982,,0.0,0.3917525773195876,38,97,
