,count,mean,std,min,25%,50%,75%,max
Port_IDs,150.0,3.9756553016358103e+18,6.887469850030715e+16,3.6727546547349893e+18,3.94367239345193e+18,3.998616058635801e+18,4.0295075288776883e+18,4.0418602295026e+18
ROI,150.0,0.00948816032584109,0.025192006499530555,-0.008489421085104193,0.0021304744714722716,0.0047307981324314595,0.008843296223332332,0.2739837232146718
realizedProfit,150.0,4606.991038021267,7747.263830894778,-12346.6822186,1753.4326238325,2683.54793633,4725.862074025001,71998.85595307
Sharpe_Ratio,29.0,0.08773091279813228,0.10696135568765822,-0.06435392863578888,0.002650990497875598,0.0703091239990717,0.13147949680382756,0.44248422246398766
MDD,149.0,-1124.130724922416,2689.233914331387,-21338.051187779998,-1073.14492838,-214.71515507000004,-2.842170943040401e-14,0.0
Win_Rate,150.0,0.37053482200213156,0.15089507694249554,0.0,0.28187786850929464,0.3781450872359963,0.465197587713323,0.8026124818577649
Win_Positions,150.0,559.12,758.0558843240973,0.0,59.5,204.0,682.0,2893.0
Total_Positions,150.0,1408.52,1876.0513319918664,1.0,154.75,528.0,1706.75,6085.0
Score,29.0,1415.476060023713,3015.4540330674254,0.1,274.9818786335122,609.537300279825,1372.6815233013576,16533.715225255277
